<?xml version="1.0" encoding="UTF-8"?>
<beans xmlns="http://www.springframework.org/schema/beans"
	xmlns:xsi="http://www.w3.org/2001/XMLSchema-instance"
	xmlns:aop="http://www.springframework.org/schema/aop"
	xmlns:tx="http://www.springframework.org/schema/tx"
	xsi:schemaLocation="http://www.springframework.org/schema/beans http://www.springframework.org/schema/beans/spring-beans-3.0.xsd
		http://www.springframework.org/schema/aop http://www.springframework.org/schema/aop/spring-aop-3.0.xsd
		http://www.springframework.org/schema/tx http://www.springframework.org/schema/tx/spring-tx-3.0.xsd">
	
	<bean class="org.springframework.web.servlet.mvc.annotation.AnnotationMethodHandlerAdapter">
		<property name="alwaysUseFullPath" value="true" />
	</bean>
	  
	<aop:aspectj-autoproxy/>
	<bean id="controllerAspect" class="com.sejong.cdbiz.aspect.ControllerAspect"/>
	<!-- <bean id="serviceAspect" class="com.sejong.dbiz.aspect.ServiceAspect" /> -->
	
	<!-- for application.properties -->
	<bean id="propertySet" class="com.sejong.cdbiz.common.ApplicationProperty" >
		<property name="requestBodyEncryptMode" value="${request.body.encrypt.mode}" />
		<property name="dbSyncMode" value="${db.sync.mode}" />
		<property name="sessionDelay" value="${logistics.session.delay}" />
	</bean>

	<!-- for uploading file-->
	<bean id="multipartResolver" class="org.springframework.web.multipart.commons.CommonsMultipartResolver">
		<property name="maxUploadSize" value="5120000"/>
	</bean>
</beans>
	