<?xml version="1.0" encoding="UTF-8"?>
<beans:beans xmlns="http://www.springframework.org/schema/mvc"
	xmlns:xsi="http://www.w3.org/2001/XMLSchema-instance"
	xmlns:beans="http://www.springframework.org/schema/beans"
	xmlns:context="http://www.springframework.org/schema/context"
	xmlns:aop="http://www.springframework.org/schema/aop"
    xmlns:tx="http://www.springframework.org/schema/tx"
	xsi:schemaLocation="http://www.springframework.org/schema/mvc http://www.springframework.org/schema/mvc/spring-mvc.xsd
		http://www.springframework.org/schema/beans http://www.springframework.org/schema/beans/spring-beans.xsd
		http://www.springframework.org/schema/context http://www.springframework.org/schema/context/spring-context.xsd
		http://www.springframework.org/schema/aop http://www.springframework.org/schema/aop/spring-aop-3.0.xsd
        http://www.springframework.org/schema/tx http://www.springframework.org/schema/tx/spring-tx-3.0.xsd">

	<!-- DispatcherServlet Context: defines this servlet's request-processing infrastructure -->
	
	<!-- Enables the Spring MVC @Controller programming model -->
	<annotation-driven />

	<!-- Handles HTTP GET requests for /resources/** by efficiently serving up static resources in the ${webappRoot}/resources directory -->
	<resources mapping="/resources/**" location="/resources/" />
	<resources mapping="/js/**" location="/js/" />
	<resources mapping="/css/**" location="/css/" />
	<resources mapping="/image/**" location="/image/" />
	
	<!-- Resolves views selected for rendering by @Controllers to .jsp resources in the /WEB-INF/views directory -->
	<beans:bean class="org.springframework.web.servlet.view.InternalResourceViewResolver">
		<beans:property name="prefix" value="/WEB-INF/views/" />
		<beans:property name="suffix" value=".jsp" />
	</beans:bean>
	
	<beans:bean class="org.springframework.beans.factory.config.PropertyPlaceholderConfigurer">
		<beans:property name="locations">
			<beans:list>
				<beans:value>classpath:config/application.properties</beans:value>
			</beans:list>
		</beans:property>
	</beans:bean>
	

	<!-- base path 설정 -->
	<context:component-scan base-package="com.sejong.cdbiz" />
	
	<!-- 매핑 설정 -->
	<beans:import resource="classpath:/config/mapping-bean.xml" /> 
	<beans:import resource="classpath:/config/mybatis-context.xml" /> 
	<!-- <beans:import resource="classpath:/config/logger-config.xml" />  --> 

	<!-- log4j 설정 -->
	<beans:bean id="log4jInitialization" class="org.springframework.beans.factory.config.MethodInvokingFactoryBean">
	    <beans:property name="targetClass" value="org.springframework.util.Log4jConfigurer"/>
	    <beans:property name="targetMethod" value="initLogging"/>
	    <beans:property name="arguments">
	        <beans:list>
	            <beans:value>classpath:log4j.xml</beans:value>
	        </beans:list>
	    </beans:property>
	</beans:bean>
	 
</beans:beans>
