<?xml version="1.0" encoding="UTF-8"?>
<!DOCTYPE log4j:configuration PUBLIC "-//APACHE//DTD LOG4J 1.2//EN" "log4j.dtd">
<log4j:configuration xmlns:log4j="http://jakarta.apache.org/log4j/">

	<!-- Appenders 
	<appender name="console" class="org.apache.log4j.ConsoleAppender">
		<param name="Threshold" value="debug" />
		<param name="Target" value="System.out" />
		<layout class="org.apache.log4j.PatternLayout">
			<param name="ConversionPattern" value="%-5p:[%d] %c - %m%n" />
		</layout>
	</appender>
	
	<appender name="logfile" class="org.apache.log4j.DailyRollingFileAppender">
        <param name="Threshold" value="debug" /> 
        <param name="Append" value="true" />
        <param name="File" value="/export/home/vpn0504/web/tomcat7/logs/gbizServer_v2.log" />
        <param name="DatePattern" value="'.'yyyy-MM-dd"/>
        <layout class="org.apache.log4j.PatternLayout">
            <param name="ConversionPattern" value="{%-5p} [%d] [%c] : %m%n" />
        </layout>
    </appender>
    
    <appender name="logfile_sync" class="org.apache.log4j.DailyRollingFileAppender">
        <param name="Threshold" value="debug" />
        <param name="Append" value="true" />
        <param name="File" value="/export/home/vpn0504/web/tomcat7/logs/gbizServer_syncdb_error_v2.log" />
        <param name="DatePattern" value="'.'yyyy-MM-dd"/>
        <layout class="org.apache.log4j.PatternLayout">
            <param name="ConversionPattern" value="\n [%d{yyyyMMddHHmmssSSS}] [%-5p] [%c] : %m%n " />
        </layout>
    </appender>
    
	<logger name="com.sejong.gbiz">
		<level value="debug" />
	</logger>
	
	<logger name="org.springframework.core">
		<level value="debug" />
	</logger>
	
	<logger name="org.springframework.beans">
		<level value="debug" />
	</logger>
	
	<logger name="org.springframework.context">
		<level value="debug" />
	</logger>

	<logger name="org.springframework.web">
		<level value="debug" />
	</logger>
	
	<logger name="com.sejong.gbiz.dao.CommonDao">
		<level value="debug" />
		<appender-ref ref="logfile_sync" />
	</logger>
	
	<root>
		<priority value="debug" />
		<appender-ref ref="console" />
		<appender-ref ref="logfile" />
	</root> 
	 -->
	 
	<!-- Appenders --> 
	<appender name="console" class="org.apache.log4j.ConsoleAppender">
		<param name="Threshold" value="info" />
		<param name="Target" value="System.out" />
		<layout class="org.apache.log4j.PatternLayout">
			<param name="ConversionPattern" value="%-5p:[%d] %c - %m%n" />
		</layout>
	</appender>
	
	<appender name="logfile" class="org.apache.log4j.DailyRollingFileAppender">
        <param name="Threshold" value="info" /> 
        <param name="Append" value="true" />
        <param name="File" value="/export/home/vpn0504/web/tomcat7/logs/cdbizServer_v2.log" />
        <param name="DatePattern" value="'_'yyyy-MM-dd'.log'"/>
        <layout class="org.apache.log4j.PatternLayout">
            <param name="ConversionPattern" value="{%-5p} [%d] [%c] : %m%n" />
        </layout>
    </appender>
    
<!--     <appender name="logfile_sync" class="org.apache.log4j.DailyRollingFileAppender">
        <param name="Threshold" value="info" />
        <param name="Append" value="true" />
        <param name="File" value="/export/home/vpn0504/web/tomcat7/logs/dbizServer_syncdb_error_v2.log" />
        <param name="DatePattern" value="'_'yyyy-MM-dd'.log'"/>
        <layout class="org.apache.log4j.PatternLayout">
            <param name="ConversionPattern" value="\n [%d{yyyyMMddHHmmssSSS}] [%-5p] [%c] : %m%n " />
        </layout>
    </appender> -->
    
    <!-- 로거 예제 1. [ 매일마다 로거 생성 ] -->

   	<appender name="infoLogger_dBiz" class="org.apache.log4j.DailyRollingFileAppender">
        <param name="Threshold" value="info" /> 
        <param name="Append" value="true" />
        <param name="File" value="/export/home/vpn0504/web/tomcat7/logs/dbizinfo.log" />
        <param name="DatePattern" value="'_'yyyy-MM-dd'.log'"/>
     	<rollingPolicy class="org.apache.log4j.rolling.TimeBasedRollingPolicy">
			<param name="fileNamePattern" value="/export/home/vpn0504/web/tomcat7/logs/dbizinfo_%d{yyyy-MM-dd}.log"/>
			<param name="rollOver" value="TRUE"/>
		</rollingPolicy>
        <layout class="org.apache.log4j.PatternLayout">
            <param name="ConversionPattern" value="{%-5p} [%d] [%c] : %m%n" />
        </layout>
    </appender>
    
       	<appender name="infoLogger_cBiz" class="org.apache.log4j.DailyRollingFileAppender">
        <param name="Threshold" value="info" /> 
        <param name="Append" value="true" />
        <param name="File" value="/export/home/vpn0504/web/tomcat7/logs/cbizinfo.log" />
        <param name="DatePattern" value="'_'yyyy-MM-dd'.log'"/>
     	<rollingPolicy class="org.apache.log4j.rolling.TimeBasedRollingPolicy">
			<param name="fileNamePattern" value="/export/home/vpn0504/web/tomcat7/logs/dbizinfo_%d{yyyy-MM-dd}.log"/>
			<param name="rollOver" value="TRUE"/>
		</rollingPolicy>
        <layout class="org.apache.log4j.PatternLayout">
            <param name="ConversionPattern" value="{%-5p} [%d] [%c] : %m%n" />
        </layout>
    </appender>

    
    <!-- 로거 예제 2 [ 매분마다 로거 생성 ] -->
	<!-- 
    <appender name="INFO_LOGGER_APPENDER" class="org.apache.log4j.DailyRollingFileAppender">
		<param name="File" value="/export/home/vpn0504/web/tomcat7/logs/dbizinfos.log" />
		<param name="Append" value="true" />
		<param name="Threshold" value="debug" />
		<appendToFile value="true" />
		<param name="DatePattern" value="'.'yyyy_MM_dd_HH_mm"/> 
		<rollingPolicy class="org.apache.log4j.rolling.TimeBasedRollingPolicy">
			<param name="fileNamePattern" value="/export/home/vpn0504/web/tomcat7/logs/dbizinfos_%d{yyyyMMdd}.log"/>
			<param name="rollOver" value="TRUE"/>
		</rollingPolicy>
		<layout class="org.apache.log4j.PatternLayout">
			<param name="ConversionPattern" value="%d{ddMMMyyyy HH:mm:ss,SSS}^[%X{l4j_mdc_key}]^[%c{1}]^ %-5p %m%n" />
		</layout>
   </appender>
 	-->

	<logger name="org.springframework.core">
		<level value="info" />
	</logger>
	
	<logger name="org.springframework.beans">
		<level value="info" />
	</logger>
	
	<logger name="org.springframework.context">
		<level value="info" />
	</logger>

	<logger name="org.springframework.web">
		<level value="info" />
	</logger>
	
	<!-- 루트로그에는 기록하지 않으려면: additivity="false" -->
	<logger name="INFO_LOGGER_dBiz" level="INFO" additivity="false">
		<appender-ref ref="infoLogger_dBiz" />
	</logger>
	
	<logger name="INFO_LOGGER_cBiz" level="INFO" additivity="false">
		<appender-ref ref="infoLogger_cBiz" />
	</logger>
	
	<root>
		<priority value="info" />
		<appender-ref ref="console" />
		<appender-ref ref="logfile" />
	</root>
	
</log4j:configuration>
